67,0,sample,0,2,15223.,0
67,0,sample,11,2,1352.,0
67,0,sample,22,0,1603.,0
67,0,sample,20,2,1127.,0
67,0,sample,31,0,3400.,0
67,0,sample,40,0,3581.,0
67,0,sample,51,0,2228.,0
67,0,sample,43,0,422.,0
67,0,sample,42,0,648.,0
67,0,sample,33,0,1210.,0
67,0,sample,13,0,788.,0
67,0,sample,2,0,677.,0
67,0,sample,4,0,1047.,0
67,0,sample,26,3,2826.,0
67,0,sample,24,0,1519.,0
67,0,sample,28,0,1157.,0
67,0,sample,6,0,1127.,0
67,0,sample,46,0,933.,0
67,0,sample,36,0,2145.,0
67,0,sample,25,0,1298.,0
67,0,sample,27,3,649.,0
67,0,sample,17,3,1350.,0
67,0,sample,16,3,535.,0
67,0,sample,99,0,4410.,0
67,0,sample,88,0,1218.,0
67,0,sample,97,1,367.,0
67,0,sample,79,0,539.,0
67,0,sample,95,0,965.,0
67,0,sample,87,1,1302.,0
67,0,sample,77,1,508.,0
67,0,sample,67,0,510.,0
67,0,sample,76,0,904.,0
67,0,gameboard,2,2,0,0,0,0,0,0,0,0,2,2,0,0,0,0,3,3,0,0,2,2,0,0,0,0,3,3,0,0,0,0,0,0,0,0,0,0,0,0,0,0,0,0,0,0,0,0,0,0,0,0,0,0,0,0,0,0,0,0,0,0,0,0,0,0,0,0,0,0,0,0,0,0,0,0,0,1,0,0,0,0,0,0,0,0,0,1,0,0,0,0,0,0,0,0,0,1,0,0
67,0,paintboard,2,2,0,0,0,0,0,0,0,0,2,2,0,0,0,0,3,3,0,0,2,2,0,0,0,0,3,3,0,0,0,0,0,0,0,0,0,0,0,0,0,0,0,0,0,0,0,0,0,0,0,0,0,0,0,0,0,0,0,0,0,0,0,0,0,0,0,0,0,0,0,0,0,0,0,0,0,1,0,0,0,0,0,0,0,0,0,1,0,0,0,0,0,0,0,0,0,1,0,0
67,1,sample,1,0,1074.,0
67,1,sample,10,0,337.,0
67,1,sample,21,0,649.,0
67,1,sample,12,0,198.,0
67,1,sample,3,0,310.,0
67,1,sample,30,0,847.,0
67,1,sample,41,3,509.,0
67,1,sample,32,0,227.,0
67,1,sample,61,0,1666.,0
67,1,sample,43,3,1380.,0
67,1,sample,45,0,1180.,0
67,1,sample,44,0,1950.,0
67,1,sample,40,3,509.,0
67,1,sample,43,3,733.,1
67,1,sample,44,0,2007.,1
67,1,sample,70,0,1977.,0
67,1,sample,72,0,397.,0
67,1,sample,81,0,566.,0
67,1,sample,92,0,713.,0
67,1,sample,83,0,1664.,0
67,1,sample,74,1,848.,0
67,1,sample,76,0,1526.,0
67,1,sample,94,0,1184.,0
67,1,sample,54,1,880.,0
67,1,sample,63,0,1663.,0
67,1,sample,65,1,1976.,0
67,1,sample,8,2,4580.,0
67,1,sample,28,2,1047.,0
67,1,sample,48,0,1046.,0
67,1,sample,17,2,1048.,0
67,1,sample,19,0,962.,0
67,1,sample,15,0,935.,0
67,1,sample,26,0,1416.,0
67,1,sample,6,0,792.,0
67,1,sample,37,2,1504.,0
67,1,gameboard,0,0,0,0,0,0,0,2,2,0,0,0,0,0,0,0,0,2,2,0,0,0,0,0,0,0,0,2,2,0,0,0,0,0,0,0,0,2,2,0,3,3,3,3,0,0,0,0,0,0,3,3,3,3,1,1,0,0,0,0,0,0,0,0,1,1,0,0,0,0,0,0,0,0,1,1,0,0,0,0,0,0,0,0,0,0,0,0,0,0,0,0,0,0,0,0,0,0,0,0
67,1,paintboard,0,0,0,0,0,0,0,2,2,0,0,0,0,0,0,0,0,2,2,0,0,0,0,0,0,0,0,2,2,0,0,0,0,0,0,0,0,2,2,0,3,3,3,3,0,0,0,0,0,0,0,0,0,0,1,1,0,0,0,0,0,0,0,0,1,1,0,0,0,0,0,0,0,0,1,1,0,0,0,0,0,0,0,0,0,0,0,0,0,0,0,0,0,0,0,0,0,0,0,0
67,2,sample,80,0,2590.,0
67,2,sample,91,0,423.,0
67,2,sample,82,0,625.,0
67,2,sample,71,0,395.,0
67,2,sample,62,0,1465.,0
67,2,sample,73,0,425.,0
67,2,sample,64,0,1241.,0
67,2,sample,53,0,254.,0
67,2,sample,44,0,678.,0
67,2,sample,55,0,511.,0
67,2,sample,46,0,652.,0
67,2,sample,35,0,313.,0
67,2,sample,26,0,789.,0
67,2,sample,37,1,401.,0
67,2,sample,28,0,1298.,0
67,2,sample,57,0,1017.,0
67,2,sample,17,0,1107.,0
67,2,sample,39,1,1667.,0
67,2,sample,36,1,961.,0
67,2,sample,48,0,1951.,0
67,2,sample,68,0,737.,0
67,2,sample,88,0,931.,0
67,2,sample,77,0,962.,0
67,2,sample,75,2,680.,0
67,2,sample,86,2,2030.,0
67,2,sample,95,2,933.,0
67,2,sample,66,0,990.,0
67,2,sample,33,0,3340.,0
67,2,sample,42,3,370.,0
67,2,sample,40,0,1136.,0
67,2,sample,31,0,1132.,0
67,2,sample,51,0,1388.,0
67,2,sample,43,0,1135.,0
67,2,sample,41,0,599.,0
67,2,sample,22,3,1458.,0
67,2,sample,2,0,797.,0
67,2,sample,52,3,1625.,0
67,2,sample,12,0,885.,0
67,2,gameboard,0,0,0,0,0,0,0,0,0,0,0,0,0,0,0,0,0,0,0,0,0,0,3,0,0,0,0,0,0,0,0,0,3,0,0,0,1,1,1,1,0,0,3,0,0,0,0,0,0,0,0,0,3,0,0,0,0,0,0,0,0,0,0,0,0,0,0,0,0,0,0,0,0,0,0,2,2,0,0,0,0,0,0,0,0,2,2,0,0,0,0,0,0,0,0,2,2,0,0,0
67,2,paintboard,0,0,0,0,0,0,0,0,0,0,0,0,0,0,0,0,0,0,0,0,0,0,3,0,0,0,0,0,0,0,0,0,3,0,0,0,1,1,1,1,0,0,3,0,0,0,0,0,0,0,0,0,3,0,0,0,0,0,0,0,0,0,0,0,0,0,0,0,0,0,0,0,0,0,0,2,2,0,0,0,0,0,0,0,0,2,2,0,0,0,0,0,0,0,0,2,2,0,0,0
67,3,sample,8,0,1467.,0
67,3,sample,19,0,452.,0
67,3,sample,28,1,509.,0
67,3,sample,17,3,482.,0
67,3,sample,15,3,1604.,0
67,3,sample,13,0,1180.,0
67,3,sample,48,1,1268.,0
67,3,sample,68,0,932.,0
67,3,sample,37,0,1294.,0
67,3,sample,26,0,1463.,0
67,3,sample,6,0,731.,0
67,3,sample,18,1,1436.,0
67,3,sample,14,3,792.,0
67,3,sample,57,0,6310.,0
67,3,sample,55,0,594.,0
67,3,sample,53,0,623.,0
67,3,sample,51,2,597.,0
67,3,sample,42,0,1268.,0
67,3,sample,60,0,851.,0
67,3,sample,71,2,1070.,0
67,3,sample,31,0,822.,0
67,3,sample,81,2,851.,0
67,3,gameboard,0,0,0,0,0,0,0,0,0,0,0,0,0,0,3,3,3,3,1,0,0,0,0,0,0,0,0,0,1,0,0,0,0,0,0,0,0,0,1,0,0,0,0,0,0,0,0,0,1,0,0,2,0,0,0,0,0,0,0,0,0,2,0,0,0,0,0,0,0,0,0,2,0,0,0,0,0,0,0,0,0,2,0,0,0,0,0,0,0,0,0,0,0,0,0,0,0,0,0,0
67,3,paintboard,0,0,0,0,0,0,0,0,0,0,0,0,0,0,3,3,3,3,1,0,0,0,0,0,0,0,0,0,1,0,0,0,0,0,0,0,0,0,1,0,0,0,0,0,0,0,0,0,1,0,0,2,0,0,0,0,0,0,0,0,0,2,0,0,0,0,0,0,0,0,0,2,0,0,0,0,0,0,0,0,0,2,0,0,0,0,0,0,0,0,0,0,0,0,0,0,0,0,0,0
67,4,sample,1,0,2253.,0
67,4,sample,10,0,226.,0
67,4,sample,21,0,423.,0
67,4,sample,12,0,340.,0
67,4,sample,23,0,508.,0
67,4,sample,32,0,226.,0
67,4,sample,43,3,397.,0
67,4,sample,34,0,225.,0
67,4,sample,45,3,1043.,0
67,4,sample,54,3,198.,0
67,4,sample,65,3,987.,0
67,4,sample,56,1,226.,0
67,4,sample,67,1,2293.,0
67,4,sample,76,0,197.,0
67,4,sample,78,0,1074.,0
67,4,sample,69,0,678.,0
67,4,sample,87,0,1718.,0
67,4,sample,85,0,909.,0
67,4,sample,63,3,2018.,0
67,4,sample,74,0,2689.,0
67,4,sample,52,0,1954.,0
67,4,sample,47,0,1278.,0
67,4,sample,58,0,1051.,0
67,4,sample,16,0,5045.,0
67,4,sample,14,0,935.,0
67,4,sample,18,0,683.,0
67,4,sample,27,0,712.,0
67,4,sample,25,0,513.,0
67,4,sample,38,0,3357.,0
67,4,sample,36,0,1955.,0
67,4,sample,5,0,1620.,0
67,4,sample,7,2,1734.,0
67,4,sample,9,2,2891.,0
67,4,sample,6,0,1986.,0
67,4,gameboard,0,0,0,0,0,0,0,2,2,2,0,0,0,0,0,0,0,0,0,0,0,0,0,0,0,0,0,0,0,0,0,0,0,0,0,0,0,0,0,0,0,0,0,3,3,3,0,0,0,0,0,0,0,3,3,3,1,1,0,0,0,0,0,3,3,3,1,1,0,0,0,0,0,0,0,0,0,0,0,0,0,0,0,0,0,0,0,0,0,0,0,0,0,0,0,0,0,0,0,0
67,4,paintboard,0,0,0,0,0,0,2,2,2,0,0,0,0,0,0,0,0,0,0,0,0,0,0,0,0,0,0,0,0,0,0,0,0,0,0,0,0,0,0,0,0,0,0,3,3,0,0,0,0,0,0,0,0,3,3,1,1,0,0,0,0,0,0,3,3,1,1,0,0,0,0,0,0,0,0,0,0,0,0,0,0,0,0,0,0,0,0,0,0,0,0,0,0,0,0,0,0,0,0,0
67,5,sample,0,0,1834.,0
67,5,sample,11,0,283.,0
67,5,sample,22,0,312.,0
67,5,sample,33,0,508.,0
67,5,sample,44,2,284.,0
67,5,sample,55,0,537.,0
67,5,sample,66,1,453.,0
67,5,sample,77,0,369.,0
67,5,sample,88,0,567.,0
67,5,sample,99,0,369.,0
67,5,sample,53,0,1584.,0
67,5,sample,35,0,1131.,0
67,5,sample,24,0,1714.,0
67,5,sample,64,1,876.,0
67,5,sample,46,0,1633.,0
67,5,sample,42,2,820.,0
67,5,sample,40,0,2082.,0
67,5,sample,45,0,1047.,0
67,5,sample,41,2,679.,0
67,5,sample,75,0,1419.,0
67,5,sample,62,0,1356.,0
67,5,sample,67,1,3534.,0
67,5,sample,84,0,5219.,0
67,5,sample,93,0,710.,0
67,5,sample,82,0,596.,0
67,5,sample,71,0,768.,0
67,5,sample,80,0,1778.,0
67,5,sample,91,0,2041.,0
67,5,sample,79,0,1276.,0
67,5,sample,59,0,821.,0
67,5,sample,48,0,1105.,0
67,5,sample,37,0,880.,0
67,5,sample,26,3,484.,0
67,5,sample,17,0,1166.,0
67,5,sample,15,0,766.,0
67,5,sample,36,0,994.,0
67,5,sample,6,0,767.,0
67,5,sample,28,0,995.,0
67,5,sample,25,3,967.,0
67,5,sample,27,3,401.,0
67,5,gameboard,0,0,0,0,0,0,0,0,0,0,0,0,0,0,0,0,0,0,0,0,0,0,0,0,0,3,3,3,0,0,0,0,0,0,0,0,0,0,0,0,0,2,2,2,2,0,0,0,0,0,0,0,0,0,0,0,0,0,0,0,0,0,0,0,1,1,1,1,0,0,0,0,0,0,0,0,0,0,0,0,0,0,0,0,0,0,0,0,0,0,0,0,0,0,0,0,0,0,0,0
67,5,paintboard,0,0,0,0,0,0,0,0,0,0,0,0,0,0,0,0,0,0,0,0,0,0,0,0,0,3,3,3,0,0,0,0,0,0,0,0,0,0,0,0,0,2,2,2,2,0,0,0,0,0,0,0,0,0,0,0,0,0,0,0,0,0,0,0,1,1,1,1,0,0,0,0,0,0,0,0,0,0,0,0,0,0,0,0,0,0,0,0,0,0,0,0,0,0,0,0,0,0,0,0
67,6,sample,1,0,1386.,0
67,6,sample,10,0,170.,0
67,6,sample,21,0,451.,0
67,6,sample,12,0,199.,0
67,6,sample,23,0,597.,0
67,6,sample,32,0,200.,0
67,6,sample,43,0,624.,0
67,6,sample,34,0,199.,0
67,6,sample,45,2,510.,0
67,6,sample,54,0,228.,0
67,6,sample,47,0,1217.,0
67,6,sample,65,0,1327.,0
67,6,sample,25,0,679.,0
67,6,sample,36,0,3212.,0
67,6,sample,35,0,1248.,0
67,6,sample,44,2,794.,0
67,6,sample,67,1,1389.,0
67,6,sample,87,1,907.,0
67,6,sample,78,1,1591.,0
67,6,sample,76,1,1104.,0
67,6,sample,74,0,6713.,0
67,6,sample,79,0,1244.,0
67,6,sample,85,0,1422.,0
67,6,sample,58,0,2544.,0
67,6,sample,96,1,1562.,0
67,6,sample,41,0,3398.,0
67,6,sample,61,0,823.,0
67,6,sample,81,0,655.,0
67,6,sample,27,0,1360.,0
67,6,sample,16,0,795.,0
67,6,sample,5,0,710.,0
67,6,sample,18,3,1959.,0
67,6,sample,29,3,1529.,0
67,6,sample,7,0,822.,0
67,6,sample,38,3,2381.,0
67,6,sample,9,0,1755.,0
67,6,sample,49,0,512.,0
67,6,sample,46,2,3967.,0
67,6,gameboard,0,0,0,0,0,0,0,0,0,0,0,0,0,0,0,0,0,0,3,3,0,0,0,0,0,0,0,0,3,3,0,0,0,0,0,0,0,0,3,3,0,0,0,0,2,2,2,0,0,0,0,0,0,0,0,0,0,0,0,0,0,0,0,0,0,0,1,1,1,0,0,0,0,0,0,0,1,1,1,0,0,0,0,0,0,0,1,1,1,0,0,0,0,0,0,0,1,1,1,0
67,6,paintboard,0,0,0,0,0,0,0,0,3,0,0,0,0,0,0,0,0,0,3,0,0,0,0,0,0,0,0,0,3,0,0,0,0,0,0,0,0,0,0,0,0,0,0,0,2,2,2,0,0,0,0,0,0,0,0,0,0,0,0,0,0,0,0,0,0,0,1,1,1,0,0,0,0,0,0,0,1,1,1,0,0,0,0,0,0,0,1,1,1,0,0,0,0,0,0,0,1,1,1,0
67,7,sample,1,0,1380.,0
67,7,sample,10,0,283.,0
67,7,sample,21,0,2229.,0
67,7,sample,32,0,452.,0
67,7,sample,43,0,226.,0
67,7,sample,54,0,451.,0
67,7,sample,65,2,396.,0
67,7,sample,76,0,591.,0
67,7,sample,87,0,455.,0
67,7,sample,98,0,847.,0
67,7,sample,67,0,961.,0
67,7,sample,56,2,961.,0
67,7,sample,74,0,819.,0
67,7,sample,45,2,1607.,0
67,7,sample,36,2,2338.,0
67,7,sample,83,0,2934.,0
67,7,sample,92,0,313.,0
67,7,sample,81,0,653.,0
67,7,sample,70,0,765.,0
67,7,sample,61,0,537.,0
67,7,sample,52,0,679.,0
67,7,sample,63,0,2649.,0
67,7,sample,41,1,1443.,0
67,7,sample,30,1,1445.,0
67,7,sample,50,0,624.,0
67,7,sample,16,3,3511.,0
67,7,sample,18,0,961.,0
67,7,sample,14,0,682.,0
67,7,sample,5,0,790.,0
67,7,sample,27,3,850.,0
67,7,sample,7,0,1636.,0
67,7,gameboard,0,0,0,0,0,0,0,0,0,0,0,0,0,0,0,3,3,3,0,0,0,0,0,0,0,3,3,3,0,0,1,1,0,0,0,2,2,0,0,0,1,1,0,0,0,2,2,0,0,0,0,0,0,0,0,2,2,0,0,0,0,0,0,0,0,2,2,0,0,0,0,0,0,0,0,0,0,0,0,0,0,0,0,0,0,0,0,0,0,0,0,0,0,0,0,0,0,0,0,0
67,7,paintboard,0,0,0,0,0,0,0,0,0,0,0,0,0,0,0,0,0,0,0,0,0,0,0,0,0,0,3,3,0,0,1,1,0,0,0,0,3,3,0,0,1,1,0,0,0,2,2,0,0,0,0,0,0,0,0,2,2,0,0,0,0,0,0,0,0,2,2,0,0,0,0,0,0,0,0,0,0,0,0,0,0,0,0,0,0,0,0,0,0,0,0,0,0,0,0,0,0,0,0,0
67,8,sample,99,0,1664.,0
67,8,sample,88,0,197.,0
67,8,sample,77,1,260.,0
67,8,sample,66,0,564.,0
67,8,sample,55,0,424.,0
67,8,sample,44,0,340.,0
67,8,sample,33,0,340.,0
67,8,sample,22,0,678.,0
67,8,sample,11,0,424.,0
67,8,sample,0,0,255.,0
67,8,sample,86,0,1270.,0
67,8,sample,68,1,764.,0
67,8,sample,57,0,704.,0
67,8,sample,79,0,1270.,0
67,8,sample,73,0,2519.,0
67,8,sample,82,0,284.,0
67,8,sample,91,0,454.,0
67,8,sample,60,0,2859.,0
67,8,sample,51,0,312.,0
67,8,sample,42,0,284.,0
67,8,sample,31,0,2124.,0
67,8,sample,62,0,1189.,0
67,8,sample,80,0,1388.,0
67,8,sample,94,0,1612.,0
67,8,sample,84,0,2345.,0
67,8,sample,75,0,2061.,0
67,8,sample,53,0,1702.,0
67,8,sample,48,0,2156.,0
67,8,sample,37,0,849.,0
67,8,sample,26,0,936.,0
67,8,sample,15,0,453.,0
67,8,sample,4,0,712.,0
67,8,sample,24,0,854.,0
67,8,sample,17,0,1876.,0
67,8,sample,8,2,824.,0
67,8,sample,19,0,1136.,0
67,8,sample,6,0,1816.,0
67,8,sample,28,2,1306.,0
67,8,sample,38,0,1331.,0
67,8,sample,49,0,3440.,0
67,8,sample,46,0,2695.,0
67,8,sample,35,0,1052.,0
67,8,sample,13,0,940.,0
67,8,sample,2,3,852.,0
67,8,sample,1,3,1338.,0
67,8,gameboard,0,3,3,3,0,0,0,0,2,0,0,0,0,0,0,0,0,0,2,0,0,0,0,0,0,0,0,0,2,0,0,0,0,0,0,0,0,0,0,0,0,0,0,0,0,0,0,0,0,0,0,0,0,0,0,0,0,0,0,0,0,0,0,0,0,0,0,1,1,0,0,0,0,0,0,0,0,1,1,0,0,0,0,0,0,0,0,0,0,0,0,0,0,0,0,0,0,0,0,0
67,8,paintboard,0,3,0,0,0,0,2,2,2,0,0,3,0,0,0,0,0,0,0,0,0,3,0,0,0,0,0,0,0,0,0,0,0,0,0,0,0,0,0,0,0,0,0,0,0,0,0,0,0,0,0,0,0,0,0,0,0,0,0,0,0,0,0,0,0,0,0,1,1,0,0,0,0,0,0,0,0,1,1,0,0,0,0,0,0,0,0,0,0,0,0,0,0,0,0,0,0,0,0,0
67,9,sample,0,0,2427.,0
67,9,sample,11,0,311.,0
67,9,sample,22,0,226.,0
67,9,sample,22,0,227.,1
67,9,sample,33,0,282.,0
67,9,sample,44,0,452.,0
67,9,sample,55,1,312.,0
67,9,sample,64,0,1099.,0
67,9,sample,46,1,622.,0
67,9,sample,66,1,759.,0
67,9,sample,75,0,760.,0
67,9,sample,35,0,1885.,0
67,9,sample,77,2,2059.,0
67,9,sample,88,2,254.,0
67,9,sample,68,2,2918.,0
67,9,sample,97,0,1187.,0
67,9,sample,57,0,1808.,0
67,9,sample,26,0,1862.,0
67,9,sample,17,0,313.,0
67,9,sample,8,0,313.,0
67,9,sample,28,0,627.,0
67,9,sample,39,0,426.,0
67,9,sample,15,0,1443.,0
67,9,sample,4,0,1527.,0
67,9,sample,13,0,734.,0
67,9,sample,24,0,2671.,0
67,9,sample,51,0,1364.,0
67,9,sample,73,0,1049.,0
67,9,sample,91,0,1132.,0
67,9,sample,95,0,1194.,0
67,9,sample,82,0,1163.,0
67,9,sample,84,0,1303.,0
67,9,sample,86,0,2458.,0
67,9,sample,93,0,853.,0
67,9,sample,71,0,766.,0
67,9,sample,60,0,994.,0
67,9,sample,40,0,512.,0
67,9,sample,20,0,599.,0
67,9,sample,31,0,826.,0
67,9,sample,42,3,1256.,0
67,9,sample,62,3,1281.,0
67,9,sample,53,0,1533.,0
67,9,sample,72,0,1139.,0
67,9,sample,32,3,967.,0
67,9,gameboard,0,0,0,0,0,0,0,0,0,0,0,0,0,0,0,0,0,0,0,0,0,0,0,0,0,0,0,0,0,0,0,0,3,0,0,0,0,0,0,0,0,0,3,0,0,1,1,0,0,0,0,0,3,0,0,1,1,0,0,0,0,0,3,0,0,1,1,2,2,2,0,0,0,0,0,0,0,2,2,2,0,0,0,0,0,0,0,2,2,2,0,0,0,0,0,0,0,0,0,0
67,9,paintboard,0,0,0,0,0,0,0,0,0,0,0,0,0,0,0,0,0,0,0,0,0,0,0,0,0,0,0,0,0,0,0,0,3,0,0,0,0,0,0,0,0,0,3,0,0,1,1,0,0,0,0,0,3,0,0,1,1,0,0,0,0,0,3,0,0,1,1,2,2,0,0,0,0,0,0,0,0,2,2,0,0,0,0,0,0,0,0,2,2,0,0,0,0,0,0,0,0,0,0,0
67,10,sample,9,0,2454.,0
67,10,sample,7,0,761.,0
67,10,sample,5,2,479.,0
67,10,sample,14,0,1662.,0
67,10,sample,26,0,1326.,0
67,10,sample,25,0,2059.,0
67,10,sample,3,0,1434.,0
67,10,sample,1,0,3400.,0
67,10,sample,23,0,2398.,0
67,10,sample,41,0,1102.,0
67,10,sample,63,0,1187.,0
67,10,sample,45,0,1128.,0
67,10,sample,67,0,1099.,0
67,10,sample,85,3,876.,0
67,10,sample,83,0,1101.,0
67,10,sample,87,3,935.,0
67,10,sample,96,0,2236.,0
67,10,sample,76,3,903.,0
67,10,sample,74,3,3497.,0
67,10,sample,78,1,1776.,0
67,10,sample,89,0,2031.,0
67,10,sample,69,0,961.,0
67,10,sample,58,0,1185.,0
67,10,sample,98,1,990.,0
67,10,gameboard,0,0,0,0,0,2,2,0,0,0,0,0,0,0,0,2,2,0,0,0,0,0,0,0,0,0,0,0,0,0,0,0,0,0,0,0,0,0,0,0,0,0,0,0,0,0,0,0,0,0,0,0,0,0,0,0,0,0,0,0,0,0,0,0,0,0,0,0,1,0,0,0,0,0,3,3,3,3,1,0,0,0,0,0,3,3,3,3,1,0,0,0,0,0,0,0,0,0,1,0
67,10,paintboard,0,0,0,0,2,2,2,0,0,0,0,0,0,0,0,0,0,0,0,0,0,0,0,0,0,0,0,0,0,0,0,0,0,0,0,0,0,0,0,0,0,0,0,0,0,0,0,0,0,0,0,0,0,0,0,0,0,0,0,0,0,0,0,0,0,0,0,0,0,0,0,0,0,0,3,3,3,3,1,0,0,0,0,0,3,3,3,3,1,0,0,0,0,0,0,0,0,0,1,0
67,11,sample,11,0,1579.,0
67,11,sample,0,0,254.,0
67,11,sample,22,0,537.,0
67,11,sample,33,0,199.,0
67,11,sample,44,0,367.,0
67,11,sample,55,0,310.,0
67,11,sample,76,2,369.,0
67,11,sample,66,0,564.,0
67,11,sample,77,1,651.,0
67,11,sample,88,0,653.,0
67,11,sample,99,0,397.,0
67,11,sample,68,0,1017.,0
67,11,sample,57,0,1927.,0
67,11,sample,97,0,567.,0
67,11,sample,79,1,1216.,0
67,11,sample,74,0,993.,0
67,11,sample,85,2,1549.,0
67,11,sample,96,0,765.,0
67,11,sample,92,0,3986.,0
67,11,sample,72,0,766.,0
67,11,sample,52,0,623.,0
67,11,sample,70,0,1530.,0
67,11,sample,50,3,709.,0
67,11,sample,30,3,1109.,0
67,11,sample,10,0,849.,0
67,11,sample,61,3,1813.,0
67,11,sample,41,3,623.,0
67,11,gameboard,0,0,0,0,0,0,0,0,0,0,0,0,0,0,0,0,0,0,0,0,0,0,0,0,0,0,0,0,0,0,3,3,0,0,0,0,0,0,0,0,3,3,0,0,0,0,0,0,0,0,3,3,0,0,0,0,0,0,0,0,3,3,0,0,0,0,0,0,0,0,0,0,0,0,0,2,2,1,1,1,0,0,0,0,0,2,2,0,0,0,0,0,0,0,0,0,0,0,0,0
67,11,paintboard,0,0,0,0,0,0,0,0,0,0,0,0,0,0,0,0,0,0,0,0,0,0,0,0,0,0,0,0,0,0,3,3,0,0,0,0,0,0,0,0,3,3,0,0,0,0,0,0,0,0,3,3,0,0,0,0,0,0,0,0,3,3,0,0,0,0,0,0,0,0,0,0,0,0,0,1,1,2,2,2,0,0,0,0,0,1,1,0,0,0,0,0,0,0,0,0,0,0,0,0
67,12,sample,99,0,1103.,0
67,12,sample,88,2,225.,0
67,12,sample,87,0,197.,0
67,12,sample,77,0,535.,0
67,12,sample,66,1,396.,0
67,12,sample,55,1,340.,0
67,12,sample,44,0,651.,0
67,12,sample,33,0,254.,0
67,12,sample,22,0,255.,0
67,12,sample,11,0,368.,0
67,12,sample,0,0,338.,0
67,12,sample,46,0,964.,0
67,12,sample,75,0,849.,0
67,12,sample,79,0,1100.,0
67,12,sample,68,2,1613.,0
67,12,sample,98,0,2847.,0
67,12,sample,58,0,3157.,0
67,12,sample,64,1,1525.,0
67,12,sample,53,0,1159.,0
67,12,sample,35,0,1669.,0
67,12,sample,15,0,369.,0
67,12,sample,17,3,682.,0
67,12,sample,37,3,850.,0
67,12,sample,7,0,1358.,0
67,12,sample,47,3,1163.,0
67,12,sample,38,3,1930.,0
67,12,sample,49,3,2325.,0
67,12,sample,19,3,1133.,0
67,12,gameboard,0,0,0,0,0,0,0,0,0,0,0,0,0,0,0,0,0,3,3,3,0,0,0,0,0,0,0,3,3,3,0,0,0,0,0,0,0,3,3,3,0,0,0,0,0,0,0,3,3,3,0,0,0,0,1,1,1,1,0,0,0,0,0,0,1,1,1,1,2,0,0,0,0,0,0,0,0,0,2,0,0,0,0,0,0,0,0,0,2,0,0,0,0,0,0,0,0,0,0,0
67,12,paintboard,0,0,0,0,0,0,0,3,3,3,0,0,0,0,0,0,0,3,3,3,0,0,0,0,0,0,0,3,3,3,0,0,0,0,0,0,0,3,3,3,0,0,0,0,0,0,0,0,0,0,0,0,0,0,1,1,1,0,0,0,0,0,0,0,1,1,1,0,2,0,0,0,0,0,0,0,0,0,2,0,0,0,0,0,0,0,0,0,2,0,0,0,0,0,0,0,0,0,0,0
67,13,sample,99,0,3093.,0
67,13,sample,88,0,198.,0
67,13,sample,77,0,226.,0
67,13,sample,76,0,226.,0
67,13,sample,66,0,198.,0
67,13,sample,55,0,482.,0
67,13,sample,44,0,338.,0
67,13,sample,33,0,286.,0
67,13,sample,22,0,369.,0
67,13,sample,11,1,311.,0
67,13,sample,0,0,507.,0
67,13,sample,20,1,1302.,0
67,13,sample,31,0,1525.,0
67,13,sample,40,0,3386.,0
67,13,sample,51,0,169.,0
67,13,sample,62,0,281.,0
67,13,sample,73,0,342.,0
67,13,sample,84,3,624.,0
67,13,sample,95,0,1186.,0
67,13,sample,75,0,928.,0
67,13,sample,82,3,1329.,0
67,13,sample,93,2,2915.,0
67,13,sample,81,0,2211.,0
67,13,sample,85,3,821.,0
67,13,sample,91,0,3590.,0
67,13,gameboard,0,0,0,0,0,0,0,0,0,0,1,1,0,0,0,0,0,0,0,0,1,1,0,0,0,0,0,0,0,0,0,0,0,0,0,0,0,0,0,0,0,0,0,0,0,0,0,0,0,0,0,0,0,0,0,0,0,0,0,0,0,0,0,0,0,0,0,0,0,0,0,0,0,0,0,0,0,0,0,0,0,0,3,3,3,3,0,0,0,0,0,0,2,2,2,0,0,0,0,0
67,13,paintboard,0,0,0,0,0,0,0,0,0,0,1,1,0,0,0,0,0,0,0,0,1,1,0,0,0,0,0,0,0,0,0,0,0,0,0,0,0,0,0,0,0,0,0,0,0,0,0,0,0,0,0,0,0,0,0,0,0,0,0,0,0,0,0,0,0,0,0,0,0,0,0,0,0,0,0,0,0,0,0,0,0,0,3,3,3,3,0,0,0,0,0,0,2,2,2,0,0,0,0,0
67,14,sample,9,3,1269.,0
67,14,sample,18,1,226.,0
67,14,sample,17,1,198.,0
67,14,sample,27,1,735.,0
67,14,sample,36,0,649.,0
67,14,sample,45,0,453.,0
67,14,sample,54,0,368.,0
67,14,sample,72,0,676.,0
67,14,sample,63,0,453.,0
67,14,sample,71,0,509.,0
67,14,sample,81,0,566.,0
67,14,sample,90,0,256.,0
67,14,sample,38,0,1243.,0
67,14,sample,7,1,877.,0
67,14,sample,39,0,1298.,0
67,14,sample,16,1,2740.,0
67,14,sample,15,0,1327.,0
67,14,sample,65,2,2256.,0
67,14,sample,76,0,539.,0
67,14,sample,74,0,990.,0
67,14,sample,56,0,762.,0
67,14,sample,67,2,1239.,0
67,14,sample,64,2,2113.,0
67,14,gameboard,0,0,0,0,0,0,1,1,1,3,0,0,0,0,0,0,1,1,1,3,0,0,0,0,0,0,1,1,1,3,0,0,0,0,0,0,0,0,0,0,0,0,0,0,0,0,0,0,0,0,0,0,0,0,0,0,0,0,0,0,0,0,0,0,2,2,2,2,0,0,0,0,0,0,0,0,0,0,0,0,0,0,0,0,0,0,0,0,0,0,0,0,0,0,0,0,0,0,0,0
67,14,paintboard,0,0,0,0,0,0,1,1,1,3,0,0,0,0,0,0,1,1,1,3,0,0,0,0,0,0,1,1,1,3,0,0,0,0,0,0,0,0,0,0,0,0,0,0,0,0,0,0,0,0,0,0,0,0,0,0,0,0,0,0,0,0,0,0,2,2,2,2,0,0,0,0,0,0,0,0,0,0,0,0,0,0,0,0,0,0,0,0,0,0,0,0,0,0,0,0,0,0,0,0
67,15,sample,0,0,1246.,0
67,15,sample,11,0,200.,0
67,15,sample,22,0,341.,0
67,15,sample,44,1,738.,0
67,15,sample,33,0,851.,0
67,15,sample,55,0,508.,0
67,15,sample,53,1,1051.,0
67,15,sample,35,0,513.,0
67,15,sample,66,0,1243.,0
67,15,sample,77,0,310.,0
67,15,sample,64,1,651.,0
67,15,sample,52,0,1722.,0
67,15,sample,73,1,3940.,0
67,15,sample,88,0,1214.,0
67,15,sample,99,0,1157.,0
67,15,sample,26,0,1751.,0
67,15,sample,37,0,225.,0
67,15,sample,48,0,312.,0
67,15,sample,59,0,342.,0
67,15,sample,15,3,680.,0
67,15,sample,4,3,227.,0
67,15,sample,24,3,1105.,0
67,15,sample,13,3,1189.,0
67,15,sample,16,0,2033.,0
67,15,sample,12,0,541.,0
67,15,sample,28,2,2488.,0
67,15,sample,19,2,314.,0
67,15,sample,8,0,1634.,0
67,15,sample,39,0,792.,0
67,15,sample,27,0,1583.,0
67,15,gameboard,0,0,0,3,3,3,0,0,0,0,0,0,0,3,3,3,0,0,2,2,0,0,0,3,3,3,0,0,2,2,0,0,0,0,0,0,0,0,0,0,0,0,0,1,1,0,0,0,0,0,0,0,0,1,1,0,0,0,0,0,0,0,0,1,1,0,0,0,0,0,0,0,0,1,1,0,0,0,0,0,0,0,0,0,0,0,0,0,0,0,0,0,0,0,0,0,0,0,0,0
67,15,paintboard,0,0,0,3,3,3,0,0,0,0,0,0,0,3,3,3,0,0,2,2,0,0,0,3,3,3,0,0,2,2,0,0,0,0,0,0,0,0,0,0,0,0,0,1,1,1,0,0,0,0,0,0,0,1,1,1,0,0,0,0,0,0,0,1,1,1,0,0,0,0,0,0,0,1,1,1,0,0,0,0,0,0,0,0,0,0,0,0,0,0,0,0,0,0,0,0,0,0,0,0
67,16,sample,9,0,1355.,0
67,16,sample,18,0,226.,0
67,16,sample,26,0,199.,0
67,16,sample,27,0,453.,0
67,16,sample,36,0,253.,0
67,16,sample,45,3,397.,0
67,16,sample,54,0,396.,0
67,16,sample,56,3,1298.,0
67,16,sample,34,0,734.,0
67,16,sample,65,3,1155.,0
67,16,sample,76,3,482.,0
67,16,sample,67,0,2056.,0
67,16,sample,74,0,3359.,0
67,16,sample,83,0,283.,0
67,16,sample,92,2,397.,0
67,16,sample,81,0,1275.,0
67,16,sample,94,0,1187.,0
67,16,sample,90,2,904.,0
67,16,sample,93,2,1413.,0
67,16,sample,43,0,2177.,0
67,16,sample,32,0,283.,0
67,16,sample,21,0,312.,0
67,16,sample,10,0,312.,0
67,16,sample,12,0,905.,0
67,16,sample,3,0,512.,0
67,16,sample,23,0,910.,0
67,16,sample,6,0,652.,0
67,16,sample,41,0,1640.,0
67,16,sample,52,0,1021.,0
67,16,sample,61,0,798.,0
67,16,sample,78,0,1024.,0
67,16,sample,87,0,397.,0
67,16,sample,98,0,657.,0
67,16,sample,58,0,970.,0
67,16,sample,38,1,1593.,0
67,16,sample,47,0,938.,0
67,16,sample,28,0,2697.,0
67,16,sample,39,1,628.,0
67,16,gameboard,0,0,0,0,0,0,0,0,0,0,0,0,0,0,0,0,0,0,0,0,0,0,0,0,0,0,0,0,0,0,0,0,0,0,0,0,0,1,1,1,0,0,0,0,0,3,3,0,0,0,0,0,0,0,0,3,3,0,0,0,0,0,0,0,0,3,3,0,0,0,0,0,0,0,0,3,3,0,0,0,0,0,0,0,0,0,0,0,0,0,2,2,2,2,0,0,0,0,0,0
67,16,paintboard,0,0,0,0,0,0,0,0,0,0,0,0,0,0,0,0,0,0,0,0,0,0,0,0,0,0,0,0,0,0,0,0,0,0,0,0,0,1,1,1,0,0,0,0,0,3,3,0,0,0,0,0,0,0,0,3,3,0,0,0,0,0,0,0,0,3,3,0,0,0,0,0,0,0,0,3,3,0,0,0,0,0,0,0,0,0,0,0,0,0,2,2,2,2,0,0,0,0,0,0
67,17,sample,99,0,1189.,0
67,17,sample,88,0,198.,0
67,17,sample,77,0,255.,0
67,17,sample,66,0,424.,0
67,17,sample,55,0,594.,0
67,17,sample,43,2,227.,0
67,17,sample,33,2,398.,0
67,17,sample,54,3,1102.,0
67,17,sample,32,2,1469.,0
67,17,sample,34,0,845.,0
67,17,sample,23,2,1406.,0
67,17,sample,13,2,591.,0
67,17,sample,31,2,1434.,0
67,17,sample,63,0,5480.,0
67,17,sample,65,0,1301.,0
67,17,sample,74,3,1209.,0
67,17,sample,84,3,1236.,0
67,17,sample,48,0,5025.,0
67,17,sample,37,0,732.,0
67,17,sample,26,1,343.,0
67,17,sample,17,1,906.,0
67,17,sample,35,0,962.,0
67,17,sample,8,0,736.,0
67,17,sample,6,1,1219.,0
67,17,sample,15,0,2087.,0
67,17,gameboard,0,0,0,0,0,0,1,1,0,0,0,2,2,2,0,0,1,1,0,0,0,2,2,2,0,0,1,1,0,0,0,2,2,2,0,0,0,0,0,0,0,2,2,2,0,0,0,0,0,0,0,0,0,0,3,0,0,0,0,0,0,0,0,0,3,0,0,0,0,0,0,0,0,0,3,0,0,0,0,0,0,0,0,0,3,0,0,0,0,0,0,0,0,0,0,0,0,0,0,0
67,17,paintboard,0,0,0,0,0,0,1,1,0,0,0,2,2,2,0,0,1,1,0,0,0,2,2,2,0,0,1,1,0,0,0,2,2,2,0,0,0,0,0,0,0,2,2,2,0,0,0,0,0,0,0,0,0,0,3,0,0,0,0,0,0,0,0,0,3,0,0,0,0,0,0,0,0,0,3,0,0,0,0,0,0,0,0,0,3,0,0,0,0,0,0,0,0,0,0,0,0,0,0,0
67,18,sample,0,0,1553.,0
67,18,sample,11,0,398.,0
67,18,sample,22,0,282.,0
67,18,sample,33,3,311.,0
67,18,sample,44,3,396.,0
67,18,sample,55,0,480.,0
67,18,sample,53,3,790.,0
67,18,sample,24,3,1410.,0
67,18,sample,66,1,4302.,0
67,18,sample,77,0,198.,0
67,18,sample,75,0,764.,0
67,18,sample,57,0,567.,0
67,18,sample,46,1,1153.,0
67,18,sample,76,0,1271.,0
67,18,sample,46,1,763.,1
67,18,sample,36,0,366.,0
67,18,sample,73,0,3672.,0
67,18,sample,82,0,651.,0
67,18,sample,71,0,681.,0
67,18,sample,60,0,651.,0
67,18,sample,51,0,426.,0
67,18,sample,40,0,1211.,0
67,18,sample,42,0,1617.,0
67,18,sample,62,2,1107.,0
67,18,sample,64,2,1707.,0
67,18,sample,61,0,1108.,0
67,18,sample,65,0,1647.,0
67,18,gameboard,0,0,0,0,0,0,0,0,0,0,0,0,0,0,0,0,0,0,0,0,0,0,0,3,3,0,0,0,0,0,0,0,0,3,3,0,0,0,0,0,0,0,0,3,3,0,1,0,0,0,0,0,0,3,3,0,1,0,0,0,0,0,2,2,2,0,1,0,0,0,0,0,0,0,0,0,0,0,0,0,0,0,0,0,0,0,0,0,0,0,0,0,0,0,0,0,0,0,0,0
67,18,paintboard,0,0,0,0,0,0,0,0,0,0,0,0,0,0,0,0,0,0,0,0,0,0,0,3,3,0,0,0,0,0,0,0,0,3,3,0,0,1,0,0,0,0,0,3,3,0,0,1,0,0,0,0,0,3,3,0,0,1,0,0,0,0,2,2,2,0,0,0,0,0,0,0,0,0,0,0,0,0,0,0,0,0,0,0,0,0,0,0,0,0,0,0,0,0,0,0,0,0,0,0
67,19,sample,87,0,1102.,0
67,19,sample,88,0,535.,0
67,19,sample,99,0,1330.,0
67,19,sample,66,3,934.,0
67,19,sample,55,1,1131.,0
67,19,sample,77,0,989.,0
67,19,sample,75,1,961.,0
67,19,sample,57,0,847.,0
67,19,sample,46,3,1070.,0
67,19,sample,76,3,1949.,0
67,19,sample,64,1,2098.,0
67,19,sample,44,0,2004.,0
67,19,sample,73,1,2055.,0
67,19,sample,62,0,2032.,0
67,19,sample,33,0,2288.,0
67,19,sample,22,0,424.,0
67,19,sample,11,0,680.,0
67,19,sample,0,0,198.,0
67,19,sample,4,2,2037.,0
67,19,sample,15,0,935.,0
67,19,sample,13,0,1134.,0
67,19,sample,24,0,993.,0
67,19,sample,6,2,1303.,0
67,19,sample,3,2,878.,0
67,19,gameboard,0,0,0,2,2,2,2,0,0,0,0,0,0,0,0,0,0,0,0,0,0,0,0,0,0,0,0,0,0,0,0,0,0,0,0,0,0,0,0,0,0,0,0,0,0,0,3,0,0,0,0,0,0,1,1,1,3,0,0,0,0,0,0,1,1,1,3,0,0,0,0,0,0,1,1,1,3,0,0,0,0,0,0,1,1,1,0,0,0,0,0,0,0,0,0,0,0,0,0,0
67,19,paintboard,0,0,0,2,2,2,2,0,0,0,0,0,0,0,0,0,0,0,0,0,0,0,0,0,0,0,0,0,0,0,0,0,0,0,0,0,0,0,0,0,0,0,0,0,0,0,3,0,0,0,0,0,0,1,1,1,3,0,0,0,0,0,0,1,1,1,3,0,0,0,0,0,0,1,1,1,3,0,0,0,0,0,0,0,0,0,0,0,0,0,0,0,0,0,0,0,0,0,0,0
67,20,sample,18,0,3248.,0
67,20,sample,27,0,255.,0
67,20,sample,36,0,482.,0
67,20,sample,45,0,340.,0
67,20,sample,54,0,369.,0
67,20,sample,63,0,623.,0
67,20,sample,72,0,338.,0
67,20,sample,81,0,512.,0
67,20,sample,90,0,792.,0
67,20,sample,23,1,2211.,0
67,20,sample,14,2,1276.,0
67,20,sample,32,0,568.,0
67,20,sample,34,0,989.,0
67,20,sample,12,2,705.,0
67,20,sample,21,0,1496.,0
67,20,sample,25,0,739.,0
67,20,sample,3,0,1985.,0
67,20,sample,15,2,1018.,0
67,20,sample,43,0,2972.,0
67,20,sample,24,1,1272.,0
67,20,sample,76,3,2129.,0
67,20,sample,87,3,793.,0
67,20,sample,96,0,1080.,0
67,20,sample,78,0,2404.,0
67,20,sample,67,3,734.,0
67,20,sample,56,0,1050.,0
67,20,sample,65,3,1587.,0
67,20,sample,74,3,1134.,0
67,20,gameboard,0,0,0,0,0,0,0,0,0,0,0,0,2,2,2,2,0,0,0,0,0,0,1,1,1,0,0,0,0,0,0,0,0,0,0,0,0,0,0,0,0,0,0,0,0,0,0,0,0,0,0,0,0,0,0,0,0,0,0,0,0,0,0,0,3,3,3,3,0,0,0,0,0,0,3,3,3,3,0,0,0,0,0,0,3,3,3,3,0,0,0,0,0,0,0,0,0,0,0,0
67,20,paintboard,0,0,0,0,0,0,0,0,0,0,0,0,2,2,2,2,0,0,0,0,0,0,0,1,1,1,0,0,0,0,0,0,0,0,0,0,0,0,0,0,0,0,0,0,0,0,0,0,0,0,0,0,0,0,0,0,0,0,0,0,0,0,0,0,3,3,3,3,0,0,0,0,0,0,3,3,3,3,0,0,0,0,0,0,3,3,3,3,0,0,0,0,0,0,0,0,0,0,0,0
67,21,sample,88,0,1381.,0
67,21,sample,77,0,200.,0
67,21,sample,66,0,199.,0
67,21,sample,55,0,310.,0
67,21,sample,44,3,369.,0
67,21,sample,33,0,367.,0
67,21,sample,53,0,733.,0
67,21,sample,35,3,311.,0
67,21,sample,24,0,761.,0
67,21,sample,46,3,1018.,0
67,21,sample,37,3,507.,0
67,21,sample,84,0,3376.,0
67,21,sample,73,0,535.,0
67,21,sample,62,0,565.,0
67,21,sample,82,0,482.,0
67,21,sample,71,0,597.,0
67,21,sample,51,0,964.,0
67,21,sample,31,2,761.,0
67,21,sample,11,2,1079.,0
67,21,sample,20,0,485.,0
67,21,sample,22,0,794.,0
67,21,sample,1,0,1498.,0
67,21,sample,41,2,967.,0
67,21,sample,6,0,2686.,0
67,21,sample,17,0,764.,0
67,21,sample,28,0,397.,0
67,21,sample,48,0,1334.,0
67,21,sample,68,0,938.,0
67,21,sample,59,0,794.,0
67,21,sample,39,0,738.,0
67,21,sample,19,1,597.,0
67,21,sample,8,1,1194.,0
67,21,gameboard,0,0,0,0,0,0,0,0,1,1,0,2,0,0,0,0,0,0,1,1,0,2,0,0,0,0,0,0,0,0,0,2,0,0,3,3,3,3,0,0,0,2,0,0,3,3,3,3,0,0,0,0,0,0,0,0,0,0,0,0,0,0,0,0,0,0,0,0,0,0,0,0,0,0,0,0,0,0,0,0,0,0,0,0,0,0,0,0,0,0,0,0,0,0,0,0,0,0,0,0
67,21,paintboard,0,0,0,0,0,0,0,0,1,1,0,2,0,0,0,0,0,0,1,1,0,2,0,0,0,0,0,0,0,0,0,2,0,0,3,3,3,3,0,0,0,2,0,0,3,3,3,3,0,0,0,0,0,0,0,0,0,0,0,0,0,0,0,0,0,0,0,0,0,0,0,0,0,0,0,0,0,0,0,0,0,0,0,0,0,0,0,0,0,0,0,0,0,0,0,0,0,0,0,0
67,22,sample,89,0,1946.,0
67,22,sample,78,0,226.,0
67,22,sample,67,2,198.,0
67,22,sample,57,2,255.,0
67,22,sample,56,0,987.,0
67,22,sample,45,0,481.,0
67,22,sample,37,0,1386.,0
67,22,sample,58,0,2341.,0
67,22,sample,77,0,1608.,0
67,22,sample,34,0,1661.,0
67,22,sample,23,0,198.,0
67,22,sample,12,0,226.,0
67,22,sample,1,0,254.,0
67,22,sample,20,0,1298.,0
67,22,sample,31,0,1749.,0
67,22,sample,42,0,199.,0
67,22,sample,53,0,2030.,0
67,22,sample,64,1,625.,0
67,22,sample,75,3,991.,0
67,22,sample,86,3,1272.,0
67,22,sample,84,3,1986.,0
67,22,sample,73,0,1607.,0
67,22,sample,55,0,2291.,0
67,22,gameboard,0,0,0,0,0,0,0,0,0,0,0,0,0,0,0,0,0,0,0,0,0,0,0,0,0,0,0,0,0,0,0,0,0,0,0,0,0,0,0,0,0,0,0,0,0,0,0,2,0,0,0,0,0,0,0,0,0,2,0,0,0,0,0,1,1,1,0,2,0,0,0,0,0,0,3,3,3,0,0,0,0,0,0,0,3,3,3,0,0,0,0,0,0,0,3,3,3,0,0,0
67,22,paintboard,0,0,0,0,0,0,0,0,0,0,0,0,0,0,0,0,0,0,0,0,0,0,0,0,0,0,0,0,0,0,0,0,0,0,0,0,0,0,0,0,0,0,0,0,1,0,0,2,0,0,0,0,0,0,1,0,0,2,0,0,0,0,0,0,1,0,0,2,0,0,0,0,0,0,3,3,3,0,0,0,0,0,0,0,3,3,3,0,0,0,0,0,0,0,0,0,0,0,0,0
67,23,sample,89,0,1467.,0
67,23,sample,78,0,197.,0
67,23,sample,67,0,201.,0
67,23,sample,56,0,226.,0
67,23,sample,45,0,254.,0
67,23,sample,34,0,509.,0
67,23,sample,23,0,339.,0
67,23,sample,12,0,454.,0
67,23,sample,1,0,283.,0
67,23,sample,20,0,594.,0
67,23,sample,31,0,339.,0
67,23,sample,42,0,1301.,0
67,23,sample,53,0,452.,0
67,23,sample,64,0,2143.,0
67,23,sample,75,0,397.,0
67,23,sample,86,0,312.,0
67,23,sample,97,0,367.,0
67,23,sample,94,0,1444.,0
67,23,sample,83,0,283.,0
67,23,sample,72,0,679.,0
67,23,sample,61,3,426.,0
67,23,sample,50,3,2066.,0
67,23,sample,70,0,1019.,0
67,23,sample,41,0,1273.,0
67,23,sample,52,3,1044.,0
67,23,sample,81,0,1390.,0
67,23,sample,91,0,1819.,0
67,23,sample,59,0,2046.,0
67,23,sample,48,1,172.,0
67,23,sample,37,1,228.,0
67,23,sample,26,0,822.,0
67,23,sample,28,0,1104.,0
67,23,sample,57,0,1555.,0
67,23,sample,46,0,1218.,0
67,23,sample,39,0,652.,0
67,23,sample,15,2,1899.,0
67,23,sample,4,0,200.,0
67,23,sample,6,0,854.,0
67,23,sample,24,0,798.,0
67,23,sample,35,0,652.,0
67,23,sample,5,0,764.,0
67,23,sample,14,2,995.,0
67,23,sample,17,0,656.,0
67,23,sample,13,2,770.,0
67,23,sample,16,2,1081.,0
67,23,gameboard,0,0,0,0,0,0,0,0,0,0,0,0,0,2,2,2,2,0,0,0,0,0,0,0,0,0,0,0,0,0,0,0,0,0,0,0,0,1,1,0,0,0,0,0,0,0,0,1,1,0,3,3,3,0,0,0,0,0,0,0,3,3,3,0,0,0,0,0,0,0,0,0,0,0,0,0,0,0,0,0,0,0,0,0,0,0,0,0,0,0,0,0,0,0,0,0,0,0,0,0
67,23,paintboard,0,0,0,0,0,0,0,0,0,0,0,0,0,2,2,2,2,0,0,0,0,0,0,0,0,0,0,0,0,0,0,0,0,0,0,0,0,1,1,0,0,0,0,0,0,0,0,1,1,0,3,3,3,0,0,0,0,0,0,0,3,3,3,0,0,0,0,0,0,0,0,0,0,0,0,0,0,0,0,0,0,0,0,0,0,0,0,0,0,0,0,0,0,0,0,0,0,0,0,0
67,24,sample,89,0,1246.,0
67,24,sample,78,0,170.,0
67,24,sample,67,0,226.,0
67,24,sample,66,0,226.,0
67,24,sample,56,0,535.,0
67,24,sample,45,0,227.,0
67,24,sample,34,0,368.,0
67,24,sample,23,0,1187.,0
67,24,sample,12,0,369.,0
67,24,sample,1,0,566.,0
67,24,sample,20,2,565.,0
67,24,sample,31,2,281.,0
67,24,sample,42,0,764.,0
67,24,sample,53,1,1581.,0
67,24,sample,64,1,368.,0
67,24,sample,75,1,820.,0
67,24,sample,86,0,596.,0
67,24,sample,72,0,1927.,0
67,24,sample,40,0,3073.,0
67,24,sample,11,0,1532.,0
67,24,sample,5,0,2605.,0
67,24,sample,16,0,482.,0
67,24,sample,25,0,1443.,0
67,24,sample,26,0,2367.,0
67,24,sample,37,3,425.,0
67,24,sample,48,0,825.,0
67,24,sample,46,0,1217.,0
67,24,sample,29,0,484.,0
67,24,sample,28,0,508.,0
67,24,sample,47,3,1426.,0
67,24,sample,57,0,482.,0
67,24,sample,17,0,599.,0
67,24,gameboard,0,0,0,0,0,0,0,0,0,0,0,0,0,0,0,0,0,0,0,0,2,2,0,0,0,0,0,3,0,0,2,2,0,0,0,0,0,3,0,0,0,0,0,0,0,0,0,3,0,0,0,0,0,1,1,1,0,0,0,0,0,0,0,1,1,1,0,0,0,0,0,0,0,1,1,1,0,0,0,0,0,0,0,0,0,0,0,0,0,0,0,0,0,0,0,0,0,0,0,0
67,24,paintboard,0,0,0,0,0,0,0,0,0,0,0,0,0,0,0,0,2,0,0,0,3,3,3,0,0,0,2,0,0,0,3,3,3,0,0,0,2,0,0,0,0,0,0,0,0,0,0,0,0,0,0,0,0,1,1,1,0,0,0,0,0,0,0,1,1,1,0,0,0,0,0,0,0,1,1,1,0,0,0,0,0,0,0,0,0,0,0,0,0,0,0,0,0,0,0,0,0,0,0,0
67,25,sample,89,0,1216.,0
67,25,sample,77,0,255.,0
67,25,sample,67,0,396.,0
67,25,sample,44,0,314.,0
67,25,sample,13,2,650.,0
67,25,sample,1,0,256.,0
67,25,sample,22,0,792.,0
67,25,sample,24,0,903.,0
67,25,sample,4,1,848.,0
67,25,sample,11,0,1413.,0
67,25,sample,16,0,931.,0
67,25,sample,15,2,452.,0
67,25,sample,12,0,1133.,0
67,25,sample,6,1,1329.,0
67,25,sample,3,0,1049.,0
67,25,sample,7,1,901.,0
67,25,sample,55,0,2030.,0
67,25,sample,75,0,342.,0
67,25,sample,83,0,371.,0
67,25,sample,61,0,283.,0
67,25,sample,41,0,256.,0
67,25,sample,43,0,484.,0
67,25,sample,58,0,540.,0
67,25,sample,27,0,256.,0
67,25,sample,47,0,482.,0
67,25,sample,45,0,256.,0
67,25,sample,29,0,400.,0
67,25,sample,9,0,398.,0
67,25,sample,87,0,710.,0
67,25,sample,96,3,226.,0
67,25,sample,85,0,1023.,0
67,25,sample,84,0,512.,0
67,25,sample,98,3,711.,0
67,25,sample,95,0,1082.,0
67,25,sample,99,3,1024.,0
67,25,gameboard,0,0,0,0,1,1,1,1,0,0,0,0,0,2,2,2,0,0,0,0,0,0,0,0,0,0,0,0,0,0,0,0,0,0,0,0,0,0,0,0,0,0,0,0,0,0,0,0,0,0,0,0,0,0,0,0,0,0,0,0,0,0,0,0,0,0,0,0,0,0,0,0,0,0,0,0,0,0,0,0,0,0,0,0,0,0,0,0,0,0,0,0,0,0,0,0,3,3,3,3
67,25,paintboard,0,0,0,0,1,1,1,1,0,0,0,0,0,2,2,2,0,0,0,0,0,0,0,0,0,0,0,0,0,0,0,0,0,0,0,0,0,0,0,0,0,0,0,0,0,0,0,0,0,0,0,0,0,0,0,0,0,0,0,0,0,0,0,0,0,0,0,0,0,0,0,0,0,0,0,0,0,0,0,0,0,0,0,0,0,0,0,0,0,0,0,0,0,0,0,0,3,3,3,3
67,26,sample,89,0,1832.,0
67,26,sample,78,0,198.,0
67,26,sample,67,0,255.,0
67,26,sample,56,0,254.,0
67,26,sample,45,0,339.,0
67,26,sample,34,0,312.,0
67,26,sample,23,0,369.,0
67,26,sample,12,0,367.,0
67,26,sample,1,0,678.,0
67,26,sample,20,3,679.,0
67,26,sample,30,3,198.,0
67,26,sample,31,3,509.,0
67,26,sample,42,3,794.,0
67,26,sample,51,3,1832.,0
67,26,sample,63,0,2931.,0
67,26,sample,74,0,225.,0
67,26,sample,86,0,397.,0
67,26,sample,85,0,314.,0
67,26,sample,93,0,507.,0
67,26,sample,92,0,256.,0
67,26,sample,71,0,199.,0
67,26,sample,60,0,255.,0
67,26,sample,81,0,483.,0
67,26,sample,72,0,369.,0
67,26,sample,80,0,1672.,0
67,26,sample,83,0,1507.,0
67,26,sample,96,0,907.,0
67,26,sample,98,0,486.,0
67,26,sample,59,0,883.,0
67,26,sample,47,1,455.,0
67,26,sample,38,0,937.,0
67,26,sample,49,0,1166.,0
67,26,sample,46,1,652.,0
67,26,sample,36,1,1537.,0
67,26,sample,27,0,740.,0
67,26,sample,15,2,2048.,0
67,26,sample,25,0,826.,0
67,26,sample,5,2,483.,0
67,26,sample,14,2,1000.,0
67,26,sample,6,0,457.,0
67,26,sample,3,2,827.,0
67,26,gameboard,0,0,0,2,2,2,0,0,0,0,0,0,0,2,2,2,0,0,0,0,3,3,3,0,0,0,0,0,0,0,3,3,3,0,0,0,1,1,0,0,3,3,3,0,0,0,1,1,0,0,3,3,3,0,0,0,0,0,0,0,0,0,0,0,0,0,0,0,0,0,0,0,0,0,0,0,0,0,0,0,0,0,0,0,0,0,0,0,0,0,0,0,0,0,0,0,0,0,0,0
67,26,paintboard,0,0,0,2,2,2,0,0,0,0,0,0,0,2,2,2,0,0,0,0,3,3,3,0,0,0,0,0,0,0,3,3,3,0,0,0,1,1,0,0,3,3,3,0,0,0,1,1,0,0,3,3,3,0,0,0,0,0,0,0,0,0,0,0,0,0,0,0,0,0,0,0,0,0,0,0,0,0,0,0,0,0,0,0,0,0,0,0,0,0,0,0,0,0,0,0,0,0,0,0
67,27,sample,89,0,1160.,0
67,27,sample,78,0,226.,0
67,27,sample,67,3,226.,0
67,27,sample,57,0,255.,0
67,27,sample,56,0,620.,0
67,27,sample,76,0,849.,0
67,27,sample,69,0,1047.,0
67,27,sample,65,3,708.,0
67,27,sample,68,0,1216.,0
67,27,sample,64,3,653.,0
67,27,sample,73,0,2462.,0
67,27,sample,82,0,255.,0
67,27,sample,91,0,453.,0
67,27,sample,80,0,767.,0
67,27,sample,71,0,198.,0
67,27,sample,62,0,228.,0
67,27,sample,51,0,678.,0
67,27,sample,50,0,171.,0
67,27,sample,41,0,312.,0
67,27,sample,32,1,197.,0
67,27,sample,24,0,171.,0
67,27,sample,43,0,795.,0
67,27,sample,12,2,850.,0
67,27,sample,52,0,707.,0
67,27,sample,31,0,1186.,0
67,27,sample,22,2,850.,0
67,27,sample,34,1,1498.,0
67,27,sample,35,1,1753.,0
67,27,sample,3,0,1530.,0
67,27,sample,11,2,1581.,0
67,27,sample,0,0,1133.,0
67,27,sample,1,0,1027.,0
67,27,gameboard,0,0,0,0,0,0,0,0,0,0,2,2,2,2,0,0,0,0,0,0,2,2,2,2,0,0,0,0,0,0,0,0,1,1,1,1,0,0,0,0,0,0,0,0,0,0,0,0,0,0,0,0,0,0,0,0,0,0,0,0,0,0,0,0,3,3,3,3,0,0,0,0,0,0,0,0,0,0,0,0,0,0,0,0,0,0,0,0,0,0,0,0,0,0,0,0,0,0,0,0
67,27,paintboard,0,0,0,0,0,0,0,0,0,0,0,2,2,2,0,0,0,0,0,0,0,2,2,2,0,0,0,0,0,0,0,0,1,1,1,1,0,0,0,0,0,0,0,3,3,3,3,0,0,0,0,0,0,0,0,0,0,0,0,0,0,0,0,0,0,0,0,0,0,0,0,0,0,0,0,0,0,0,0,0,0,0,0,0,0,0,0,0,0,0,0,0,0,0,0,0,0,0,0,0
67,28,sample,77,2,510.,0
67,28,sample,65,0,197.,0
67,28,sample,54,0,143.,0
67,28,sample,34,3,141.,0
67,28,sample,26,0,171.,0
67,28,sample,38,0,228.,0
67,28,sample,59,0,171.,0
67,28,sample,88,0,311.,0
67,28,sample,96,0,199.,0
67,28,sample,84,0,143.,0
67,28,sample,73,1,171.,0
67,28,sample,65,0,170.,1
67,28,sample,57,0,198.,0
67,28,gameboard,0,0,0,0,3,0,0,0,0,0,0,0,0,0,3,0,0,0,0,0,0,0,0,0,3,0,0,0,0,0,0,0,0,0,3,0,0,0,0,0,0,0,0,0,0,0,0,0,0,0,0,0,0,0,0,0,0,0,0,0,0,1,1,1,1,0,0,0,0,0,0,1,1,1,1,0,2,2,0,0,0,0,0,0,0,0,2,2,0,0,0,0,0,0,0,0,0,0,0,0
67,28,paintboard,0,0,0,0,0,0,0,0,0,0,0,0,0,0,0,0,0,0,0,0,0,0,3,3,3,0,0,0,0,0,0,0,3,3,3,0,0,0,0,0,0,0,0,0,0,0,0,0,0,0,0,0,1,1,1,0,0,0,0,0,0,0,1,1,1,0,0,2,2,0,0,0,1,1,1,0,0,2,2,0,0,0,0,0,0,0,0,2,2,0,0,0,0,0,0,0,0,0,0,0
67,29,sample,1,0,1438.,0
67,29,sample,12,0,198.,0
67,29,sample,23,0,254.,0
67,29,sample,34,0,338.,0
67,29,sample,46,0,397.,0
67,29,sample,45,0,507.,0
67,29,sample,46,0,623.,1
67,29,sample,56,0,311.,0
67,29,sample,67,0,255.,0
67,29,sample,68,0,368.,0
67,29,sample,78,0,537.,0
67,29,sample,89,0,341.,0
67,29,sample,97,3,683.,0
67,29,sample,85,0,227.,0
67,29,sample,77,0,1332.,0
67,29,sample,95,0,1135.,0
67,29,sample,88,3,795.,0
67,29,sample,86,3,818.,0
67,29,sample,61,0,1528.,0
67,29,sample,41,0,285.,0
67,29,sample,43,0,227.,0
67,29,sample,63,0,227.,0
67,29,sample,83,1,200.,0
67,29,sample,92,1,200.,0
67,29,sample,72,1,1220.,0
67,29,sample,81,1,906.,0
67,29,sample,80,1,1390.,0
67,29,sample,17,0,1702.,0
67,29,sample,16,0,286.,0
67,29,sample,36,0,170.,0
67,29,sample,48,0,172.,0
67,29,sample,29,2,399.,0
67,29,sample,19,0,199.,0
67,29,sample,27,2,941.,0
67,29,sample,26,0,681.,0
67,29,sample,28,2,1510.,0
67,29,gameboard,0,0,0,0,0,0,0,0,0,0,0,0,0,0,0,0,0,0,0,0,0,0,0,0,0,0,0,2,2,2,0,0,0,0,0,0,0,0,0,0,0,0,0,0,0,0,0,0,0,0,0,0,0,0,0,0,0,0,0,0,0,0,0,0,0,0,0,0,0,0,1,1,1,1,0,0,0,0,0,0,1,1,1,1,0,0,3,3,3,0,1,1,1,1,0,0,3,3,3,0
67,29,paintboard,0,0,0,0,0,0,0,0,0,0,0,0,0,0,0,0,0,0,0,0,0,0,0,0,0,0,2,2,2,0,0,0,0,0,0,0,0,0,0,0,0,0,0,0,0,0,0,0,0,0,0,0,0,0,0,0,0,0,0,0,0,0,0,0,0,0,0,0,0,0,1,1,1,1,0,0,0,0,0,0,1,1,1,1,0,0,3,3,3,0,1,1,1,1,0,0,3,3,3,0
67,30,sample,89,0,1417.,0
67,30,sample,78,0,255.,0
67,30,sample,67,0,255.,0
67,30,sample,56,0,310.,0
67,30,sample,45,0,311.,0
67,30,sample,34,0,283.,0
67,30,sample,23,0,394.,0
67,30,sample,12,0,312.,0
67,30,sample,1,0,284.,0
67,30,sample,20,0,735.,0
67,30,sample,31,0,1046.,0
67,30,sample,42,0,456.,0
67,30,sample,53,0,371.,0
67,30,sample,64,1,341.,0
67,30,sample,75,0,457.,0
67,30,sample,86,0,458.,0
67,30,sample,73,1,1085.,0
67,30,sample,84,1,313.,0
67,30,sample,94,0,486.,0
67,30,sample,93,0,568.,0
67,30,sample,72,0,1219.,0
67,30,sample,38,3,2270.,0
67,30,sample,27,3,678.,0
67,30,sample,16,0,570.,0
67,30,sample,49,0,876.,0
67,30,sample,18,3,1050.,0
67,30,sample,47,0,738.,0
67,30,sample,7,0,1163.,0
67,30,sample,50,2,1788.,0
67,30,sample,70,0,993.,0
67,30,sample,30,0,881.,0
67,30,sample,52,2,877.,0
67,30,gameboard,0,0,0,0,0,0,0,0,0,0,0,0,0,0,0,0,0,3,3,0,0,0,0,0,0,0,0,3,3,0,0,0,0,0,0,0,0,3,3,0,0,0,0,0,0,0,0,0,0,0,2,2,2,0,0,0,0,0,0,0,0,0,0,1,1,0,0,0,0,0,0,0,0,1,1,0,0,0,0,0,0,0,0,1,1,0,0,0,0,0,0,0,0,0,0,0,0,0,0,0
67,30,paintboard,0,0,0,0,0,0,0,0,0,0,0,0,0,0,0,0,3,3,3,0,0,0,0,0,0,0,3,3,3,0,0,0,0,0,0,0,0,0,0,0,0,0,0,0,0,0,0,0,0,0,2,2,2,0,0,0,0,0,0,0,0,0,0,1,1,0,0,0,0,0,0,0,0,1,1,0,0,0,0,0,0,0,0,1,1,0,0,0,0,0,0,0,0,0,0,0,0,0,0,0
67,31,sample,89,0,1327.,0
67,31,sample,78,1,198.,0
67,31,sample,67,0,254.,0
67,31,sample,56,0,368.,0
67,31,sample,45,0,282.,0
67,31,sample,34,0,312.,0
67,31,sample,23,0,339.,0
67,31,sample,12,0,1013.,0
67,31,sample,1,0,253.,0
67,31,sample,30,0,2766.,0
67,31,sample,31,0,397.,0
67,31,sample,42,0,650.,0
67,31,sample,20,0,679.,0
67,31,sample,53,2,452.,0
67,31,sample,63,0,200.,0
67,31,sample,64,0,170.,0
67,31,sample,54,0,651.,0
67,31,sample,44,0,369.,0
67,31,sample,23,0,594.,1
67,31,sample,33,0,312.,0
67,31,sample,51,2,1076.,0
67,31,sample,50,2,1414.,0
67,31,sample,58,0,1560.,0
67,31,sample,98,0,997.,0
67,31,sample,87,1,737.,0
67,31,sample,76,1,1020.,0
67,31,sample,85,0,822.,0
67,31,sample,82,0,1725.,0
67,31,sample,83,0,397.,0
67,31,sample,80,0,823.,0
67,31,sample,71,0,285.,0
67,31,sample,92,0,1053.,0
67,31,sample,95,0,1614.,0
67,31,sample,84,0,1161.,0
67,31,sample,74,0,652.,0
67,31,sample,62,0,1592.,0
67,31,sample,15,0,1645.,0
67,31,sample,36,0,910.,0
67,31,sample,4,0,826.,0
67,31,sample,6,0,654.,0
67,31,sample,8,0,882.,0
67,31,sample,17,0,542.,0
67,31,sample,37,0,398.,0
67,31,sample,28,3,914.,0
67,31,sample,26,0,942.,0
67,31,sample,29,3,853.,0
67,31,sample,49,0,1197.,0
67,31,sample,18,3,856.,0
67,31,sample,39,3,624.,0
67,31,gameboard,0,0,0,0,0,0,0,0,0,0,0,0,0,0,0,0,0,0,3,3,0,0,0,0,0,0,0,0,3,3,0,0,0,0,0,0,0,0,3,3,0,0,0,0,0,0,0,0,0,0,2,2,2,2,0,0,0,0,0,0,0,0,0,0,0,0,0,0,0,0,0,0,0,0,0,0,1,1,1,0,0,0,0,0,0,0,1,1,1,0,0,0,0,0,0,0,0,0,0,0
67,31,paintboard,0,0,0,0,0,0,0,0,0,0,0,0,0,0,0,0,0,0,3,3,0,0,0,0,0,0,0,0,3,3,0,0,0,0,0,0,0,0,3,3,0,0,0,0,0,0,0,0,0,0,2,2,2,2,0,0,0,0,0,0,0,0,0,0,0,0,0,0,0,0,0,0,0,0,0,0,1,1,1,0,0,0,0,0,0,0,1,1,1,0,0,0,0,0,0,0,0,0,0,0
67,32,sample,89,0,2454.,0
67,32,sample,78,0,227.,0
67,32,sample,67,0,312.,0
67,32,sample,56,0,313.,0
67,32,sample,45,0,311.,0
67,32,sample,34,0,339.,0
67,32,sample,23,0,313.,0
67,32,sample,12,0,285.,0
67,32,sample,1,0,283.,0
67,32,sample,20,0,737.,0
67,32,sample,31,0,341.,0
67,32,sample,41,0,510.,0
67,32,sample,42,0,566.,0
67,32,sample,53,0,3217.,0
67,32,sample,64,0,317.,0
67,32,sample,75,0,339.,0
67,32,sample,86,1,400.,0
67,32,sample,97,0,341.,0
67,32,sample,84,0,882.,0
67,32,sample,88,1,798.,0
67,32,sample,86,1,2180.,1
67,32,sample,85,1,369.,0
67,32,sample,59,0,1764.,0
67,32,sample,48,0,228.,0
67,32,sample,37,0,228.,0
67,32,sample,37,0,229.,1
67,32,sample,26,0,426.,0
67,32,sample,15,2,342.,0
67,32,sample,6,2,910.,0
67,32,sample,24,0,1053.,0
67,32,sample,13,0,964.,0
67,32,sample,17,0,1084.,0
67,32,sample,4,2,2211.,0
67,32,sample,62,0,1844.,0
67,32,sample,71,3,200.,0
67,32,sample,80,0,283.,0
67,32,sample,82,0,769.,0
67,32,sample,91,0,1021.,0
67,32,sample,61,3,568.,0
67,32,sample,50,0,1477.,0
67,32,sample,51,0,623.,0
67,32,sample,81,3,656.,0
67,32,gameboard,0,0,0,0,2,2,2,0,0,0,0,0,0,0,2,2,2,0,0,0,0,0,0,0,0,0,0,0,0,0,0,0,0,0,0,0,0,0,0,0,0,0,0,0,0,0,0,0,0,0,0,0,0,0,0,0,0,0,0,0,0,3,0,0,0,0,0,0,0,0,0,3,0,0,0,0,0,0,0,0,0,3,0,0,0,1,1,1,1,0,0,0,0,0,0,0,0,0,0,0
67,32,paintboard,0,0,0,0,2,2,2,0,0,0,0,0,0,0,2,2,2,0,0,0,0,0,0,0,0,0,0,0,0,0,0,0,0,0,0,0,0,0,0,0,0,0,0,0,0,0,0,0,0,0,0,0,0,0,0,0,0,0,0,0,0,3,0,0,0,0,0,0,0,0,0,3,0,0,0,0,0,0,0,0,0,3,0,0,0,1,1,1,1,0,0,0,0,0,0,0,0,0,0,0
67,33,sample,2,1,1223.,0
67,33,sample,13,0,255.,0
67,33,sample,22,1,1052.,0
67,33,sample,11,1,652.,0
67,33,sample,20,1,878.,0
67,33,sample,31,3,1293.,0
67,33,sample,42,0,1714.,0
67,33,sample,40,0,1072.,0
67,33,sample,51,3,1122.,0
67,33,sample,61,0,1629.,0
67,33,sample,21,1,1101.,0
67,33,sample,64,0,3776.,0
67,33,sample,86,2,1102.,0
67,33,sample,77,0,1212.,0
67,33,sample,96,0,594.,0
67,33,sample,95,0,563.,0
67,33,sample,75,0,708.,0
67,33,sample,88,2,1247.,0
67,33,sample,85,0,1044.,0
67,33,sample,89,2,1548.,0
67,33,gameboard,1,1,1,0,0,0,0,0,0,0,1,1,1,0,0,0,0,0,0,0,1,1,1,0,0,0,0,0,0,0,0,3,0,0,0,0,0,0,0,0,0,3,0,0,0,0,0,0,0,0,0,3,0,0,0,0,0,0,0,0,0,0,0,0,0,0,0,0,0,0,0,0,0,0,0,0,0,0,0,0,0,0,0,0,0,0,2,2,2,2,0,0,0,0,0,0,0,0,0,0
67,33,paintboard,1,1,1,0,0,0,0,0,0,0,1,1,1,0,0,0,0,0,0,0,1,1,1,0,0,0,0,0,0,0,0,3,0,0,0,0,0,0,0,0,0,3,0,0,0,0,0,0,0,0,0,3,0,0,0,0,0,0,0,0,0,0,0,0,0,0,0,0,0,0,0,0,0,0,0,0,0,0,0,0,0,0,0,0,0,0,0,2,2,2,0,0,0,0,0,0,0,0,0,0
67,34,sample,89,0,1302.,0
67,34,sample,77,0,453.,0
67,34,sample,67,0,535.,0
67,34,sample,56,0,1101.,0
67,34,sample,45,0,255.,0
67,34,sample,34,1,310.,0
67,34,sample,23,1,282.,0
67,34,sample,12,0,1017.,0
67,34,sample,14,0,846.,0
67,34,sample,43,0,765.,0
67,34,sample,25,0,875.,0
67,34,sample,32,1,1435.,0
67,34,sample,21,0,873.,0
67,34,sample,52,0,1893.,0
67,34,sample,72,3,596.,0
67,34,sample,83,3,1018.,0
67,34,sample,61,0,681.,0
67,34,sample,74,0,962.,0
67,34,sample,92,3,1017.,0
67,34,sample,63,2,682.,0
67,34,sample,54,0,1353.,0
67,34,sample,65,0,934.,0
67,34,gameboard,0,0,0,0,0,0,0,0,0,0,0,0,0,0,0,0,0,0,0,0,0,0,1,1,1,0,0,0,0,0,0,0,1,1,1,0,0,0,0,0,0,0,0,0,0,0,0,0,0,0,0,0,0,0,0,0,0,0,0,0,0,0,2,2,2,0,0,0,0,0,0,0,3,3,0,0,0,0,0,0,0,0,3,3,0,0,0,0,0,0,0,0,3,3,0,0,0,0,0,0
67,34,paintboard,0,0,0,0,0,0,0,0,0,0,0,0,0,0,0,0,0,0,0,0,0,0,1,1,1,0,0,0,0,0,0,0,1,1,0,0,0,0,0,0,0,0,0,0,0,0,0,0,0,0,0,0,0,0,0,0,0,0,0,0,0,0,2,2,2,0,0,0,0,0,0,0,3,3,0,0,0,0,0,0,0,0,3,3,0,0,0,0,0,0,0,0,3,3,0,0,0,0,0,0
67,35,sample,1,0,36373.,0
67,35,sample,12,0,423.,0
67,35,sample,23,0,394.,0
67,35,sample,34,0,564.,0
67,35,sample,45,0,481.,0
67,35,sample,56,0,339.,0
67,35,sample,67,0,310.,0
67,35,sample,78,0,369.,0
67,35,sample,89,0,396.,0
67,35,sample,97,0,790.,0
67,35,sample,86,0,256.,0
67,35,sample,75,0,370.,0
67,35,sample,64,0,282.,0
67,35,sample,53,3,284.,0
67,35,sample,42,0,593.,0
67,35,sample,62,3,933.,0
67,35,sample,71,0,990.,0
67,35,sample,73,0,1579.,0
67,35,sample,51,0,2400.,0
67,35,sample,38,0,2882.,0
67,35,sample,27,0,623.,0
67,35,sample,16,2,313.,0
67,35,sample,25,0,1102.,0
67,35,sample,5,0,850.,0
67,35,sample,7,0,734.,0
67,35,sample,18,2,991.,0
67,35,sample,15,0,2655.,0
67,35,sample,19,0,710.,0
67,35,sample,49,0,1641.,0
67,35,sample,58,1,2042.,0
67,35,sample,47,0,1302.,0
67,35,sample,69,0,709.,0
67,35,sample,48,0,1532.,0
67,35,gameboard,0,0,0,0,0,0,0,0,0,0,0,0,0,0,0,0,2,2,2,0,0,0,0,0,0,0,0,0,0,0,0,0,0,0,0,0,0,0,0,0,0,0,0,0,0,0,0,0,0,0,0,0,3,3,0,0,0,1,1,1,0,0,3,3,0,0,0,0,0,0,0,0,0,0,0,0,0,0,0,0,0,0,0,0,0,0,0,0,0,0,0,0,0,0,0,0,0,0,0,0
67,35,paintboard,0,0,0,0,0,0,0,0,0,0,0,0,0,0,0,0,2,2,2,0,0,0,0,0,0,0,0,0,0,0,0,0,0,0,0,0,0,0,0,0,0,3,3,0,0,0,0,0,0,0,0,3,3,0,0,0,0,1,1,1,0,0,0,0,0,0,0,0,0,0,0,0,0,0,0,0,0,0,0,0,0,0,0,0,0,0,0,0,0,0,0,0,0,0,0,0,0,0,0,0
67,36,sample,53,3,479.,0
67,36,sample,53,3,171.,1
67,36,sample,54,3,113.,0
67,36,sample,66,0,143.,0
67,36,sample,76,0,171.,0
67,36,sample,84,3,142.,0
67,36,sample,73,3,141.,0
67,36,sample,42,0,171.,0
67,36,sample,33,0,198.,0
67,36,sample,24,1,172.,0
67,36,sample,15,0,1046.,0
67,36,sample,12,0,793.,0
67,36,sample,13,0,1446.,0
67,36,sample,4,0,539.,0
67,36,sample,44,1,510.,0
67,36,sample,14,1,818.,0
67,36,sample,38,2,823.,0
67,36,sample,28,2,200.,0
67,36,sample,18,2,937.,0
67,36,sample,18,2,906.,1
67,36,sample,8,0,339.,0
67,36,sample,48,2,707.,0
67,36,sample,37,2,1193.,0
67,36,sample,29,2,1189.,0
67,36,gameboard,0,0,0,0,0,0,0,0,0,0,0,0,0,0,1,0,0,2,2,2,0,0,0,0,1,0,0,2,2,2,0,0,0,0,1,0,0,2,2,2,0,0,0,0,1,0,0,2,2,2,0,0,3,3,3,0,0,0,0,0,0,0,3,3,3,0,0,0,0,0,0,0,3,3,3,0,0,0,0,0,0,0,3,3,3,0,0,0,0,0,0,0,0,0,0,0,0,0,0,0
67,36,paintboard,0,0,0,0,0,0,0,0,0,0,0,0,0,1,0,0,0,2,2,2,0,0,0,1,0,0,0,2,2,2,0,0,0,1,0,0,0,2,2,2,0,0,0,1,0,0,0,2,2,2,0,0,0,0,3,0,0,0,0,0,0,0,0,0,3,0,0,0,0,0,0,0,0,0,3,0,0,0,0,0,0,0,0,0,3,0,0,0,0,0,0,0,0,0,0,0,0,0,0,0
67,37,sample,10,0,1191.,0
67,37,sample,21,0,282.,0
67,37,sample,32,0,368.,0
67,37,sample,43,1,338.,0
67,37,sample,54,0,961.,0
67,37,sample,52,1,990.,0
67,37,sample,63,1,1607.,0
67,37,sample,72,0,1633.,0
67,37,sample,61,1,1159.,0
67,37,sample,50,0,2704.,0
67,37,sample,76,0,2223.,0
67,37,sample,87,3,452.,0
67,37,sample,78,0,1020.,0
67,37,sample,98,3,2208.,0
67,37,sample,96,0,792.,0
67,37,sample,58,0,2004.,0
67,37,sample,38,0,481.,0
67,37,sample,18,0,653.,0
67,37,sample,27,0,849.,0
67,37,sample,25,2,563.,0
67,37,sample,45,2,1325.,0
67,37,sample,34,2,1980.,0
67,37,sample,36,2,678.,0
67,37,sample,16,0,1384.,0
67,37,gameboard,0,0,0,0,0,0,0,0,0,0,0,0,0,0,0,0,0,0,0,0,0,0,0,0,2,2,2,0,0,0,0,0,0,0,2,2,2,0,0,0,0,1,1,1,2,2,2,0,0,0,0,1,1,1,0,0,0,0,0,0,0,1,1,1,0,0,0,0,0,0,0,0,0,0,0,0,0,0,0,0,0,0,0,0,0,0,0,3,3,3,0,0,0,0,0,0,0,3,3,3
67,37,paintboard,0,0,0,0,0,0,0,0,0,0,0,0,0,0,0,0,0,0,0,0,0,0,0,0,2,2,2,0,0,0,0,0,0,0,2,2,2,0,0,0,0,1,1,1,2,2,2,0,0,0,0,1,1,1,0,0,0,0,0,0,0,1,1,1,0,0,0,0,0,0,0,0,0,0,0,0,0,0,0,0,0,0,0,0,0,0,0,3,3,0,0,0,0,0,0,0,0,3,3,0
67,38,sample,1,0,1133.,0
67,38,sample,12,0,198.,0
67,38,sample,23,0,481.,0
67,38,sample,20,0,2370.,0
67,38,sample,31,3,367.,0
67,38,sample,42,3,1467.,0
67,38,sample,40,0,768.,0
67,38,sample,51,3,1100.,0
67,38,sample,22,0,789.,0
67,38,sample,62,0,793.,0
67,38,sample,33,3,1775.,0
67,38,sample,44,3,1126.,0
67,38,sample,26,0,1954.,0
67,38,sample,8,0,986.,0
67,38,sample,28,0,792.,0
67,38,sample,46,0,2286.,0
67,38,sample,37,0,539.,0
67,38,sample,17,1,597.,0
67,38,sample,6,1,1355.,0
67,38,sample,15,0,907.,0
67,38,sample,66,2,2537.,0
67,38,sample,77,2,1076.,0
67,38,sample,75,0,737.,0
67,38,sample,86,0,792.,0
67,38,sample,68,0,792.,0
67,38,sample,57,2,511.,0
67,38,gameboard,0,0,0,0,0,0,1,1,0,0,0,0,0,0,0,0,1,1,0,0,0,0,0,0,0,0,0,0,0,0,0,3,3,3,3,0,0,0,0,0,0,3,3,3,3,0,0,0,0,0,0,3,3,3,3,0,2,2,0,0,0,0,0,0,0,0,2,2,0,0,0,0,0,0,0,0,2,2,0,0,0,0,0,0,0,0,0,0,0,0,0,0,0,0,0,0,0,0,0,0
67,38,paintboard,0,0,0,0,0,0,1,1,0,0,0,0,0,0,0,0,1,1,0,0,0,0,0,0,0,0,0,0,0,0,3,3,3,3,3,0,0,0,0,0,3,3,3,3,3,0,0,0,0,0,3,3,3,3,3,0,2,2,0,0,0,0,0,0,0,0,2,2,0,0,0,0,0,0,0,0,2,2,0,0,0,0,0,0,0,0,0,0,0,0,0,0,0,0,0,0,0,0,0,0